slug,name
achiupr01,precious achiuwa
adebaba01,bam adebayo
agbajoc01,ochai agbaji
aldamsa01,santi aldama
alexani01,nickeil alexander-walker
allengr01,grayson allen
allenja01,jarrett allen
alvarjo01,jose alvarado
anderky01,kyle anderson
antetgi01,giannis antetokounmpo
antetth01,thanasis antetokounmpo
anthoco01,cole anthony
anunoog01,og anunoby
arcidry01,ryan arcidiacono
avdijde01,deni avdija
aytonde01,deandre ayton
azubuud01,udoka azubuike
badjiib01,ibou badji
baglema01,marvin bagley
baileam01,amari bailey
baldwpa01,patrick baldwin
ballla01,lamelo ball
bambamo01,mo bamba
banchpa01,paolo banchero
banede01,desmond bane
bantoda01,dalano banton
barlodo01,dominick barlow
barneha02,harrison barnes
barnesc01,scottie barnes
barrerj01,rj barrett
bassech01,charles bassey
batesem01,emoni bates
bateske01,keita bates-diop
batumni01,nicolas batum
bazleda01,darius bazley
bealbr01,bradley beal
beaslma01,malik beasley
beaucma01,marjon beauchamp
bernaju01,jules bernard
bertada01,davis bertans
beverpa01,patrick beverley
beysa01,saddiq bey
bitadgo01,goga bitadze
bitimon01,onuralp bitim
biyombi01,bismack biyombo
blackan01,anthony black
blackle01,leaky black
boehebu01,buddy boeheim
bogdabo01,bogdan bogdanovic
bogdabo02,bojan bogdanovic
bolbo01,bol bol
boldema01,marques bolden
bookede01,devin booker
bostobr01,brandon boston
bouchch01,chris boucher
bouknja01,james bouknight
bouyeja01,jamaree bouyea
branhma01,malaki branham
braunch01,christian braun
bridgmi01,mikal bridges
bridgmi02,miles bridges
brissos01,oshae brissett
brockiz01,izaiah brockington
brogdma01,malcolm brogdon
brookar01,armoni brooks
brookdi01,dillon brooks
brownbr01,bruce brown
brownch02,charlie brown
browngr01,greg brown
brownja02,jaylen brown
brownke03,kendall brown
brownko01,kobe brown
brownmo01,moses brown
browntr01,troy brown
brunsja01,jalen brunson
bryanth01,thomas bryant
bufkiko01,kobe bufkin
bullore01,reggie bullock
burksal01,alec burks
butleja02,jared butler
butleji01,jimmy butler
cainja01,jamal cain
caldwke01,kentavious caldwell-pope
camarto01,toumani camara
capelca01,clint capela
carteje01,jevon carter
cartewe01,wendell carter
cartodj01,d.j. carton
carusal01,alex caruso
castlco01,colin castleton
cazalma01,malcolm cazalon
champju02,julian champagnie
champju01,justin champagnie
chrisma02,max christie
cissosi01,sidy cissoko
clarkjo01,jordan clarkson
claxtni01,nic claxton
clownno01,noah clowney
coffeam01,amir coffey
collijo01,john collins
colliza01,zach collins
conlemi01,mike conley
connapa01,pat connaughton
coulibi01,bilal coulibaly
councri01,ricky council
covinro01,robert covington
craigto01,torrey craig
crowdja01,jae crowder
crutcja01,jalen crutcher
cunnica01,cade cunningham
curryse01,seth curry
curryst01,stephen curry
daniedy01,dyson daniels
davisan02,anthony davis
davisjo06,johnny davis
davisjd01,jd davison
dennide01,dexter dennis
derozde01,demar derozan
diabamo01,moussa diabate
diakima01,mamadi diakite
diallha01,hamidou diallo
dickgr01,gradey dick
diengou01,ousmane dieng
dinwisp01,spencer dinwiddie
divindo01,donte dincenzo
doncilu01,luka doncic
dortlu01,luguentz dort
dosunay01,ayo dosunmu
dowtije01,jeff dowtin
drellhe01,henri drell
drumman01,andre drummond
duartch01,chris duarte
dunnkr01,kris dunn
duranke01,kevin durant
durenja01,jalen duren
easonta01,tari eason
edwaran01,anthony edwards
edwarke02,kessler edwards
elliske01,keon ellis
embiijo01,joel embiid
eubandr01,drew eubanks
evbuoto01,tosan evbuomwan
exumda01,dante exum
fernabr01,bruno fernando
finnedo01,dorian finney-smith
flaglad01,adam flagler
flynnma01,malachi flynn
fontesi01,simone fontecchio
fordjo01,jordan ford
forretr01,trent forrest
fournev01,evan fournier
foxde01,de'aaron fox
freemja01,javon freeman-liberty
fudgeal01,alex fudge
fultzma01,markelle fultz
funkan01,andrew funk
gabriwe01,wenyen gabriel
gaffoda01,daniel gafford
gallida01,danilo gallinari
garlada01,darius garland
garubus01,usman garuba
garzalu01,luka garza
gateska01,kaiser gates
georgke01,keyonte george
georgpa01,paul george
gibsota01,taj gibson
giddejo01,josh giddey
gilesha01,harry giles
gilgesh01,shai gilgeous-alexander
gillan01,anthony gill
gilleco01,collin gillespie
gilyaja01,jacob gilyard
goberru01,rudy gobert
goodwjo01,jordan goodwin
gordoaa01,aaron gordon
gordoer01,eric gordon
grahade01,devonte' graham
grantje01,jerami grant
greenaj01,a.j. green
greenda02,danny green
greendr01,draymond green
greenja05,jalen green
greenje02,jeff green
greenjo02,josh green
griffaj01,aj griffin
grimequ01,quentin grimes
gueyemo01,mouhamadou gueye
gueyemo02,mouhamed gueye
hachiru01,rui hachimura
haganas01,ashton hagans
halibty01,tyrese haliburton
hamptrj01,r.j. hampton
hardati02,tim hardaway
hardeja01,james harden
hardyja02,jaden hardy
harpero02,ron harper
harriga01,gary harris
harrijo01,joe harris
harrike01,kevon harris
harrito02,tobias harris
harrish01,shaquille harrison
hartjo01,josh hart
harteis01,isaiah hartenstein
hausesa01,sam hauser
hawkijo01,jordan hawkins
hayesja02,jaxson hayes
hayeski01,killian hayes
haywago01,gordon hayward
hendesc01,scoot henderson
hendrita01,taylor hendricks
herroty01,tyler herro
hieldbu01,buddy hield
highsha01,haywood highsmith
hintona01,nate hinton
hodgedm01,d'moi hodge
holidaa01,aaron holiday
holidjr01,jrue holiday
holidju01,justin holiday
holmeri01,richaun holmes
holmgch01,chet holmgren
hoodsja01,jalen hood-schifino
horfoal01,al horford
hortota01,talen horton-tucker
houseda01,danuel house
houstca01,caleb houstan
howarje01,jett howard
huertke01,kevin huerter
huffja01,jay huff
huntede01,de'andre hunter
hurtma01,matthew hurt
hylanbo01,bones hyland
inglejo01,joe ingles
ingrabr01,brandon ingram
irvinky01,kyrie irving
isaacjo01,jonathan isaac
iveyja01,jaden ey
jacksan01,andre jackson
jacksgg01,gg jackson
jacksis01,isaiah jackson
jacksja02,jaren jackson
jacksju01,justin jackson
jacksqu01,quenton jackson
jacksre01,reggie jackson
jackstr02,trayce jackson-davis
jamesle01,lebron james
jaqueja01,jaime jaquez
jarrede01,dejon jarreau
jeffrda01,daquan jeffries
jemistr01,trey jemison
jeromty01,ty jerome
joeis01,isaiah joe
johnsca02,cameron johnson
johnsja05,jalen johnson
johnsja01,james johnson
johnske04,keldon johnson
johnske07,keon johnson
johnske08,keyontae johnson
jokicni01,nikola jokic
jonesco02,colby jones
jonesda03,damian jones
jonesde02,derrick jones
joneshe01,herbert jones
jonesma05,mason jones
jonestr01,tre jones
jonesty01,tyus jones
jordade01,deandre jordan
josepco01,cory joseph
jovicni01,nikola jovic
juzanjo01,johnny juzang
kennalu01,luke kennard
kesslwa01,walker kessler
keybr01,braxton key
kispeco01,corey kispert
klebima01,maxi kleber
knoxke01,kevin knox
konchjo01,john konchar
korkmfu01,furkan korkmaz
kornelu01,luke kornet
krejcvi01,vit krejci
kuminjo01,jonathan kuminga
kuzmaky01,kyle kuzma
landajo01,jock landale
laravja01,jake laravia
lavinza01,zach lavine
lawsoaj01,a.j. lawson
leesa01,saben lee
lenal01,alex len
leonaka01,kawhi leonard
leverca01,caris levert
lewiski01,kira lewis
lewisma05,maxwell lewis
liddeej01,e.j. liddell
lillada01,damian lillard
littlna01,nassir little
livelde01,dereck lely
liveris01,isaiah lers
livinch01,chris lingston
loftoke01,kenneth lofton
looneke01,kevon looney
lopezbr01,brook lopez
lopezro01,robin lopez
loveke01,kevin love
lowryky01,kyle lowry
lundyse01,seth lundy
lylestr01,trey lyles
maledth01,theo maledon
mamuksa01,sandro mamukelashvili
mannte01,terance mann
manntr01,tre mann
marjabo01,boban marjanovic
markkla01,lauri markkanen
marshna01,naji marshall
martica02,caleb martin
martico01,cody martin
martike04,kj martin
mathega01,garrison mathews
mathube01,bennedict mathurin
matthwe02,wesley matthews
maxeyty01,tyrese maxey
mayssk01,skylar mays
mcbrimi01,miles mcbride
mccolcj01,cj mccollum
mccontj01,t.j. mcconnell
mcdanja02,jaden mcdaniels
mcdanja01,jalen mcdaniels
mcderdo01,doug mcdermott
mcgeeja01,javale mcgee
mcgowbr01,bryce mcgowens
mclaujo01,jordan mclaughlin
meltode01,de'anthony melton
mensana01,nathan mensah
merrisa01,sam merrill
metuch01,chimezie metu
micicva01,vasilije micic
middlkh01,khris middleton
millebr02,brandon miller
millejo02,jordan miller
millele01,leonard miller
whiteda01,dariq whitehead
millspa02,patty mills
miltosh01,shake milton
minayju01,justin minaya
minotjo01,josh minott
mitchda01,davion mitchell
mitchdo01,donovan mitchell
mobleev01,evan mobley
mobleis01,isaiah mobley
monkma01,malik monk
moodymo01,moses moody
moonxa01,xavier moon
mooreta02,taze moore
moorewe01,wendell moore
moranja01,ja morant
morrima03,marcus morris
morrima02,markieff morris
morrimo01,monte morris
murphtr02,trey murphy
murrade01,dejounte murray
murraja01,jamal murray
murrake02,keegan murray
murrakr01,kris murray
muscami01,mike muscala
mykhasv01,svi mykhailiuk
nancela02,larry nance
nancepe01,pete nance
nembhan01,andrew nembhard
nesmiaa01,aaron nesmith
niangge01,georges niang
nixda01,daishen nix
nnajize01,zeke nnaji
nowelja01,jaylen nowell
nowelma01,markquis nowell
ntilila01,frank ntilikina
nurkiju01,jusuf nurkic
nworajo01,jordan nwora
onealro01,royce o'neale
okekech01,chuma okeke
okogijo01,josh okogie
okongon01,onyeka okongwu
okorois01,isaac okoro
olynyke01,kelly olynyk
omorueu01,eugene omoruyi
osmande01,cedi osman
oubreke01,kelly oubre
paulch01,chris paul
payneca01,cameron payne
paytoga02,gary payton
pereima01,mãozinha pereira
peterdr01,drew peterson
petrufi01,filip petrušev
phillju01,julian phillips
pickeja02,jalen pickett
pippesc02,scotty pippen
plumlma01,mason plumlee
podzibr01,brandin podziemski
poeltja01,jakob poeltl
pokusal01,aleksej pokusevski
poolejo01,jordan poole
portecr01,craig porter
portejo01,jontay porter
portemi01,michael porter
porteot01,otto porter
portibo01,bobby portis
porzikr01,kristaps porziņģis
pottemi01,micah potter
poweldw01,dwight powell
powelno01,norman powell
prestja01,jason preston
primojo01,joshua primo
princta02,taurean prince
pritcpa01,payton pritchard
prospol01,olier-maxence prosper
queentr01,trevelin queen
quetane01,neemias queta
quickim01,immanuel quickley
quinole01,lester quinones
ramseja01,jahmi'us ramsey
randlju01,julius randle
reathdu01,duop reath
reaveau01,austin reaves
reddica01,cam reddish
reedpa01,paul reed
reidna01,naz reid
rhodeja01,jared rhoden
richani01,nick richards
richajo01,josh richardson
robindu01,duncan robinson
robinje01,jerome robinson
robinmi01,mitchell robinson
robinor01,orlando robinson
robinje02,jeremiah robinson-earl
roddyda01,david roddy
rolliry01,ryan rollins
rosede01,derrick rose
roziete01,terry rozier
ruperra01,rayan rupert
russeda01,d'angelo russell
ryanma01,matt ryan
sabondo01,domantas sabonis
samanlu01,luka šamanic
samueje01,jermaine samuels
sanogad01,adama sanogo
santogu01,gui santos
saricda01,dario šaric
sarrol01,olier sarr
sassema01,marcus sasser
schofad01,admiral schofield
schrode01,dennis schröder
seabrde01,dereon seabron
sengual01,alperen sengun
sensabr01,brice sensabaugh
sextoco01,collin sexton
shamela01,landry shamet
sharpda01,day'ron sharpe
sharpsh01,shaedon sharpe
sheppbe01,ben sheppard
siakapa01,pascal siakam
simmobe01,ben simmons
simmoko01,kobi simmons
simonan01,anfernee simons
simsje01,jericho sims
skapidm01,dmytro skapintsev
slawsja01,jalen slawson
smartja01,javonte smart
smartma01,marcus smart
smithde03,dennis smith
smithdr01,dru smith
smithis01,ish smith
smithja05,jabari smith
smithja04,jalen smith
smithni01,nick smith
smithte01,terquavion smith
sochaje01,jeremy sochan
spencpa01,pat spencer
sprinja01,jaden springer
stevela01,lamar stevens
stewais01,isaiah stewart
strawju01,julian strawther
strusma01,max strus
suggsja01,jalen suggs
swideco01,cole swider
tateja01,jae'sean tate
tatumja01,jayson tatum
taylote01,terry taylor
templga01,garrett temple
terryda01,dalen terry
theisda01,daniel theis
thomaca02,cam thomas
thomais02,isaiah thomas
thompam01,amen thompson
thompau01,ausar thompson
thompkl01,klay thompson
thomptr01,tristan thompson
thorjt01,jt thor
thybuma01,matisse thybulle
tillmxa01,xavier tillman
toppija01,jacob toppin
toppiob01,obi toppin
toscaju01,juan toscano-anderson
townska01,karl-anthony towns
trentga02,gary trent
tshieos01,oscar tshiebwe
tuckepj01,p.j. tucker
turnemy01,myles turner
tysonhu01,hunter tyson
umudest01,stanley umude
valanjo01,jonas valanciūnas
vandeja01,jarred vanderbilt
vanvlfr01,fred vanvleet
vassede01,devin vassell
vezenal01,sasha vezenkov
vincega01,gabe vincent
vucevni01,nikola vucevic
vukcetr01,tristan vukcevic
wadede01,dean wade
wagnefr01,franz wagner
wagnemo01,moritz wagner
wainris01,ish wainright
walkeja01,jabari walker
walkeja02,jarace walker
walkelo01,lonnie walker
wallaca01,cason wallace
walshjo01,jordan walsh
warretj01,t.j. warren
washipj01,p.j. washington
washity02,tyty washington
watanyu01,yuta watanabe
waterli01,lindy waters
watfotr01,trendon watford
watsope01,peyton watson
wembavi01,victor wembanyama
weslebl01,blake wesley
westbru01,russell westbrook
whiteco01,coby white
whitede01,derrick white
whitmca01,cam whitmore
wiggiaa01,aaron wiggins
wiggian01,andrew wiggins
wiggili01,lindell wigginton
willial06,alondes williams
willibr03,brandon williams
willigr01,grant williams
willija06,jalen williams
willija07,jaylin williams
willije02,jeenathan williams
willike04,kenrich williams
willima07,mark williams
willipa01,patrick williams
williro04,robert williams
willivi01,vince williams
willizi02,ziaire williams
willizi01,zion williamson
wilsodj01,d.j. wilson
wilsoja03,jalen wilson
windldy01,dylan windler
wisemja01,james wiseman
woodch01,christian wood
wrighde01,delon wright
youngth01,thaddeus young
youngtr01,trae young
yurtsom01,omer yurtseven
zelleco01,cody zeller
zubaciv01,ica zubac
